Nome da Empresa,URL,Tipo,Data_Exportacao
Grupo,http://172.19.1.5:1235/,producao,2025-04-22 21:40
CH26,http://172.19.1.5:1233/,producao,2025-04-22 21:40
Teste,www.teste.com.br,homologacao,2025-04-22 21:40
You,https://www.youtube.com/,producao,2025-04-22 21:40
Empresa Alpha SA,https://alpha.protheus.com.br,producao,2025-04-22 21:40
Beta Tecnologia Ltda,https://beta.homolog.protheus.com.br,homologacao,2025-04-22 21:40
Gamma Industrial,https://gamma.protheus.com.br,producao,2025-04-22 21:40
Delta Serviços,https://delta.homolog.protheus.com.br,homologacao,2025-04-22 21:40
Épsilon Consultoria,https://epsilon.protheus.com.br,producao,2025-04-22 21:40
Zeta Logística,https://zeta.homolog.protheus.com.br,homologacao,2025-04-22 21:40
Eta Comércio,https://eta.protheus.com.br,producao,2025-04-22 21:40
Theta Energia,https://theta.homolog.protheus.com.br,homologacao,2025-04-22 21:40
Iota Alimentos,https://iota.protheus.com.br,producao,2025-04-22 21:40
Kappa Transportes,https://kappa.homolog.protheus.com.br,homologacao,2025-04-22 21:40
Lambda Saúde,https://lambda.protheus.com.br,producao,2025-04-22 21:40
Mu Educação,https://mu.homolog.protheus.com.br,homologacao,2025-04-22 21:40
Nu Construções,https://nu.protheus.com.br,producao,2025-04-22 21:40
Xi Telecom,https://xi.homolog.protheus.com.br,homologacao,2025-04-22 21:40
Ômega Financeira,https://omega.protheus.com.br,producao,2025-04-22 21:40
Aurora Sistemas,https://aurora.homolog.protheus.com.br,homologacao,2025-04-22 21:40
Borealis TI,https://borealis.protheus.com.br,producao,2025-04-22 21:40
Cronos Soluções,https://cronos.homolog.protheus.com.br,homologacao,2025-04-22 21:40
Dynamo Indústria,https://dynamo.protheus.com.br,producao,2025-04-22 21:40
Eclipse Comércio,https://eclipse.homolog.protheus.com.br,homologacao,2025-04-22 21:40
Fênix Serviços,https://fenix.protheus.com.br,producao,2025-04-22 21:40
Galáxia Logística,https://galaxia.homolog.protheus.com.br,homologacao,2025-04-22 21:40
Horizonte Construções,https://horizonte.protheus.com.br,producao,2025-04-22 21:40
Íris Tecnologia,https://iris.homolog.protheus.com.br,homologacao,2025-04-22 21:40
Júpiter Alimentos,https://jupiter.protheus.com.br,producao,2025-04-22 21:40
Krypton Energia,https://krypton.homolog.protheus.com.br,homologacao,2025-04-22 21:40
Lunar Transportes,https://lunar.protheus.com.br,producao,2025-04-22 21:40
Marte Consultoria,https://marte.homolog.protheus.com.br,homologacao,2025-04-22 21:40
Netuno Sistemas,https://netuno.protheus.com.br,producao,2025-04-22 21:40
Orion Financeira,https://orion.homolog.protheus.com.br,homologacao,2025-04-22 21:40
